"pct","moe"
3.96505376344086,2.40003912131125
6.7223382045929,4.43634826790795
14.5828771622509,6.40746869680001
7.60502913216805,7.90542745729117
3.83421985815603,3.15814540429907
7.02439024390244,4.16300723840813
4.80112967757119,3.2083918303502
22.6524027848531,7.16393441471734
6.90785754663652,3.14391079167496
5.45577312626604,1.98007273209207
4.41318438836023,4.63897271128557
8.81670533642691,6.30294324975921
7.54677754677755,5.94038706391097
19.750643182268,6.41944605891142
8.04395604395604,5.6529562196905
6.282722513089,3.99154851829591
15.6943626006678,6.96714066230419
14.1752577319588,4.24429715576347
8.29281469475959,2.57348226894417
10.8283002588438,7.30576838390089
6.76549440151396,2.03165506298032
2.87907869481766,1.85381805685112
1.95348837209302,2.59183755482582
4.47004608294931,3.09396613818961
6.49738610903659,4.25256999836425
22.6435834020335,7.71014169990258
16.6361416361416,4.92508461488627
12.0707382274316,7.11185861205453
6.08452138492872,4.80017666805619
0.911013502521555,1.52643808619317
6.70164559980921,3.75289605032032
6.89858490566038,4.16056028304636
5.62301513170185,4.80174298016443
2.30836236933798,1.80257564198373
1.09036220077704,1.21413488519063
8.21820758058803,4.2507592641041
1.96302214106368,1.75497196603956
1.05640107430618,0.875668964375089
2.75657336726039,2.28070919181935
4.47894893998208,2.67867550320186
4.28839453229697,5.94626406651057
3.90032502708559,3.63695583036785
0.701647345942648,1.06704422178512
4.83686319404694,3.71874131222636
31.5016579819991,11.3325736139362
6.27400768245839,6.29162827156324
0.823233478161445,0.95955378792785
2.71236333052986,3.31987688419169
2.94160266628025,2.18480782500399
0.689549494330371,0.796415820233934
4.5739046701974,3.84729108599849
0.788863109048724,0.741556433218951
17.6861071597914,7.72182642825536
0.46656298600311,0.737545579556842
3.10804144055254,2.935324014039
1.68602472836268,1.0834414228491
2.60802863717719,1.86405859395758
0.851900393184797,0.829460832688581
3.75586854460094,3.13221527538285
3.22974860335196,3.02022592215657
1.34994807892004,1.71222106578609
2.58453586043506,2.88416707053003
1.30146710837672,1.15946908317198
6.91994572591588,6.43760320424738
1.82370820668693,1.4247435620729
4.75594493116396,3.57039309487525
11.40081799591,7.75981467954619
7.0637732506643,3.57039916910436
0.918318028032866,0.916772167474936
1.52838427947598,1.38941611001324
0.497803806734993,0.409948586347178
1.71708912510221,1.79534524711608
1.61249685059209,1.00776721129862
3.44481125305009,2.87062967214212
18.1046676096181,9.40320483405693
5.48267743020518,5.50231028377793
5.93001841620626,3.95232044071195
4.07220822837951,5.01333064232022
7.85060975609756,6.49113606211627
1.36899747262005,1.45205262986103
1.9706498951782,1.83596794304036
1.30017672304973,1.28590397041977
3.27332242225859,1.95516837803599
1.58757549611734,1.25735223873072
2.01371036846615,1.75107168900552
2.00758420700424,1.4687146336456
3.00172665692655,2.06741776836136
1.74272367948257,1.59608323637897
5.02843460041904,3.06059586255116
5.9492231906025,6.15627324825644
3.09677419354839,2.39806063828473
4.29752066115702,2.01640080928715
0.226878419858535,0.333566901827298
2.9094978318646,1.95583763690431
2.41704219582138,2.55878730325043
0.742753623188406,0.687583409806095
1.38175376439327,1.30926444428085
0.263227165043432,0.394432714974227
1.72773309502532,1.42463589504501
2.01342281879195,1.36460137713544
4.29988974641676,3.2716387166469
3.62098138747885,2.70191246633798
1.55879362927821,1.55732658047419
0.968366688185926,1.03290360994552
0.988372093023256,0.733765648482747
2.13385063045587,1.54843720334112
2.59183673469388,2.46702906093219
5.30120481927711,3.04477461450405
5.84701641970364,4.71716922487802
2.02947571877265,1.44959066331218
1.83601609657948,2.08465441052564
1.04270109235353,0.966781259444393
3.82781637379104,2.54233486200048
7.01603665521191,5.37130152993928
3.47132384648555,2.9504343634742
2.85484519501407,1.79916402722588
2.088772845953,1.96739167780764
3.26086956521739,2.20724664073051
3.87310955367023,2.6831627457021
9.20835211056031,4.18787104811663
4.99430616560924,3.12649607184281
8.57193987115247,6.45007534781452
4.4532279314888,3.51785762444429
2.00931857891672,1.88977197182692
6.62970662970663,6.11064525395695
3.64674868189807,2.54106661363339
1.65856927458536,2.47776057536752
4.3010752688172,3.38782717413115
2.41095890410959,1.36141248170736
3.04347826086957,2.21627535439664
1.21870882740448,1.41353097288882
5.20552055205521,4.73189725837226
10.4404795093393,7.203243149676
3.51752366334101,3.10178557437281
3.52862849533955,2.09932159640883
5.73408018867925,3.05349585066471
3.41207349081365,2.93189524309591
2.12423559703894,1.66900809906761
2.82527881040892,2.7068648758645
2.30541871921182,1.55383488687594
2.08821649264863,1.55025716663078
1.95627157652474,1.40063328660928
1.83017312448475,1.16755429881698
5.40386803185438,4.6289242627885
3.64134690681284,3.7168945915974
2.51595259799453,2.09463918258429
0.952380952380952,0.750595880142184
1.96560196560197,1.36138665792098
6.17995517130964,5.8467685461796
3.32037092431947,2.3630792453767
3.10464611376465,3.40590387367119
7.2,4.97316407190075
4.83499616270146,3.0341101878059
19.3720379146919,10.8829192039355
7.62038335670874,4.41336595584952
8.82608695652174,7.64217840419468
4.06070549630845,4.08802283072519
2.01868032539922,2.07890385086187
2.65381764269829,2.10525694449628
4.77077897875512,3.71811872682082
1.2273413897281,0.886843252984555
1.37878207583301,1.30214024215928
0.709219858156028,0.787998083902384
2.24466891133558,2.05740166589363
8.21724207550979,4.44162853732472
1.00737100737101,1.03193141466162
2.38769013088079,1.18496534803708
2.7743335399876,2.53973417625681
1.81570585565138,1.19879820479474
6.1667631731326,2.65052806469858
1.00910170162248,0.86908399956656
5.07347254447022,4.50977189087789
1.94406548431105,1.28407775390221
21.8877551020408,7.49845743556603
2.33288470165994,1.83146165715027
14.0870987528113,3.30811372417079
8.86454183266932,5.6920394136443
0.648540783237715,1.07219134509331
2.70897832817337,1.98987473849313
6.06501698204755,4.86226805798261
2.12949021294902,1.50168163066887
0.671487603305785,0.825326434806407
3.35210880615469,2.11212594004597
2.25310591703517,2.35371138078974
2.71854142926909,1.93230036597788
1.25766871165644,1.01221230191086
3.41256766297952,1.90626322635235
24.1685874217978,9.54454867622851
4.53537593227172,3.21736932657131
52.8716615457339,5.93872262231384
40.0943396226415,8.59366764003318
4.57875457875458,3.17855208817771
3.76700383676317,2.60921862537956
2.40120060030015,2.94917495910342
1.64351851851852,1.19154050386531
1.43979057591623,1.11019712536695
5.0681901953557,5.63542001859604
5.44931112482007,4.19483228736751
8.80257412089175,7.2898571406082
11.2566174421845,6.38325625175438
5.89114832535885,2.54212886331041
3.10331777469408,3.06544993758661
1.77944862155388,2.20428585294622
2.02020202020202,2.27088725126551
2.69317088810516,2.29028701414138
2.31777981091796,2.19329789315822
3.27229769639693,2.03082050049755
1.54859967051071,1.71109511494224
1.77789934354486,1.06669526746664
1.45179302643008,1.7495883773077
0.575373993095512,0.632343072233521
1.9742883379247,1.44302502902599
2.58968371895564,1.82172045835645
8.56260904576567,1.31492027128848
21.1944646758922,3.00228490396329
40.6021384355656,11.1432315315449
18.3169882948434,8.14440441279012
15.8833768494343,4.83675315043299
4.91716368455931,3.93636611844095
34.4210526315789,5.8452429375364
5.01241815308196,3.53295874600548
47.7272727272727,10.7159244873961
29.7706879361914,7.54146906031377
2.18730745532964,1.26290896508862
5.8915770609319,3.60650307863144
5.35609181871689,4.75643981622872
7.1331290432414,4.40920697019327
10.0806451612903,3.40864026822907
4.6562228024369,4.56159178028864
12.372634643377,6.75108562589008
6.60700184259016,6.08041594217528
5.28610354223433,4.79551573481158
6.44538788112698,4.39947359636735
2.22799851466766,1.8104056410762
16.1258212223771,5.01493312767925
26.85309327715,5.1316318458863
3.98064658016274,2.49980628669912
10.0553505535055,3.14036063843719
8.00296406076325,4.89018248516883
6.99041138261677,3.29194800267104
2.96929316338355,2.54923371646559
0.302863436123348,0.44052199697424
6.25583566760037,3.99465878472788
5.1271363067945,2.08408093856523
6.05689397032802,1.60630116922387
0.988196541312105,0.904316961739279
3.5470310036784,3.80543713834943
2.05351586807716,1.52220987087532
14.5254074784276,5.41443243968774
34.012908513472,7.93836638253741
5.70391495981333,3.02647284443511
8.21588174630457,4.16632575681448
5.52278820375335,3.89715818155949
8.24575586095392,4.49362056599205
3.49297012302285,4.02753447234068
9.97310623038996,7.46546510297606
4.66155810983397,3.80120048360798
11.3564668769716,9.52827457207695
3.56820234869015,2.87023961647283
5.40683805989928,4.08792777978344
4,3.86039765998562
0.923076923076923,0.970626169502258
8.93029232251847,6.62322266272073
1.35407663497551,1.06279238980015
3.57667809897109,3.24203760078337
1.69352635891833,1.74474413738353
6.65869218500797,4.6128010753202
3.15364869820315,2.88555791788917
3.08823529411765,2.98476458446283
9.46760421898543,5.69306787281195
2.15552523874488,2.17488397414731
2.54278728606357,2.52843104981441
0.360793746241732,0.600369698821198
4.20894400601278,3.11891598718146
5.14530728918533,3.67496722642437
4.06198638177976,2.92304688494347
1.01663585951941,0.957189222189315
1.49695387293299,1.09207905912963
2.47545881348698,1.94214862654044
3.51082504388531,2.79379010599689
4.56838565022422,4.68277994155638
6.08065532451166,3.60768248972194
6.14993646759848,6.76279456101233
2.62025811497849,2.46359271602005
6.76453655728267,7.00086729137481
0.501410216233156,0.845540069579177
0.341815419673376,0.53114646702412
3.83800952885124,3.13931109803697
2.86181520850368,3.04122696883878
3.52526439482961,3.11097822468561
0.743405275779377,1.41484329517426
1.12443778110945,1.19939602291144
8.28164903319956,5.31935813015892
6.27096774193548,5.43318913338114
3.48893166506256,2.92776028958648
3.02225174360678,4.84228558036869
0.947630922693267,1.22157651541021
1.37566137566138,1.63764567641587
4.05633802816901,3.40294673623374
0.431406384814495,0.689142835311684
2.13391062316375,2.22666734190386
0.83757104397248,0.86638819120212
0.65058281377067,0.595550078574188
1.17154811715481,1.20641586163189
1.90046706393944,2.05897196572682
4.28710620331276,3.5719063245638
6.74481168332052,3.38988377524873
1.23847926267281,1.12079518152993
0.423728813559322,0.615535550919275
5.32687651331719,5.51940385489006
21.8727534148095,8.66575463042078
9.57746478873239,4.80696068725245
5.6570268899036,2.0576399640601
18.1592039800995,6.3505116715669
11.7693522906793,6.61530456614471
5.48476454293629,4.45544539362542
13.765541740675,8.7240344975136
6.99753390875462,4.91686992629551
21.0463733650416,9.44915968114768
3.51219512195122,2.26091412023117
1.66593599298553,1.61722399983401
0.277178934400986,0.430723852983334
0.33270950301518,0.54041257216621
12.192118226601,9.88271977600149
5.13361462728551,3.57783685823178
0.563607085346216,2.09257910682763
6.46319569120287,5.61457117351417
1.28099173553719,1.81471540335033
0.717978173463527,1.12001708145787
0.982632541133455,1.04905628453931
1.51848591549296,1.38293447374622
2.48941996514812,2.88600295836239
0.731579864135168,1.32315920236422
0.907346012912232,0.642962913667649
2.24719101123595,1.70444451166946
3.2561505065123,2.38186598820862
3.39379754242247,3.09407663661096
5.57470099331036,4.29756625014997
1.10787172011662,0.753422984030282
2.4331550802139,1.6220165203824
2.42042440318302,1.75167338442308
1.18393234672304,1.47777336539874
2.6510067114094,1.36854875183676
3.78944030442366,1.85457718512387
0.894187779433681,0.931416766115156
0.969752943892865,1.0609570025203
0.458173219036358,0.4132300876504
1.55273622419996,1.7978518304352
0.597080937638213,0.90645041716637
0.997067448680352,0.936209072491762
6.95812807881773,7.98948208001333
1.21059268600252,0.85600402029903
2.81182408074982,2.5192068304004
1.8262313226342,1.43590668744299
3.68997992897947,3.94805432430822
1.01430900199239,1.01293760789437
1.82174887892377,1.8194291863998
1.25144843568946,1.3650289764842
2.79131590607,1.11893419975431
0.33167495854063,0.496741525826964
1.54983309489747,1.25915793387067
2.61780104712042,2.41055611069862
2.73525209226373,2.01436831866721
2.31500620090947,1.72923293173422
0.412087912087912,0.659039524051192
2.06592386258124,1.73741909698569
1.82041820418204,1.94192770752226
0.908014212396368,1.41988595469158
0.101867572156197,0.1696786195405
1.10122829309615,1.18498350804094
1.49812734082397,1.09917864674134
7.36168267032465,3.31370643230703
2.31398087848136,1.007537203752
4.17910447761194,2.43528190808813
5.44196288140925,2.60189541614263
3.92643409721209,2.99875345091299
1.47207098205283,1.57111790236447
3.24675324675325,2.94189175674766
0.97384529771842,0.888771276596662
1.47986102174752,0.823569193163975
3.60699865410498,2.50281563261024
2.34648027958063,1.54456556350638
1.07030430220357,1.12215089545252
0.84503950834065,0.724316960359965
9.63531669865643,9.25352729042252
5.12672811059908,4.2252392220665
3.78367263006375,2.21500366897861
10.1637593449626,3.48041046825859
1.13949411470073,1.07599324995657
1.47699757869249,1.71833523090105
2.14755801870454,1.38193104414017
2.56278831368529,3.01955755293325
3.78181818181818,3.10862007370855
7.5849310460814,5.02735395244467
4.24107142857143,3.0488778597099
3.9871944121071,3.19305764327772
5.07060333761232,3.123672738804
0.828521215164449,1.00257774266401
6.59971305595409,7.6603980129108
1.07050572166851,1.54753234980118
13.0111524163569,7.28697902768826
4.03919694072658,3.19953120561451
4.71445929526124,3.68778297114087
1.60210910565808,1.65987593981231
1.76455096128523,1.44633048673699
0.552608311229001,0.861739833780236
1.66292974588939,1.41829261171991
4.3815609310817,3.61073501383774
2.75964391691395,1.9515280889811
1.92878338278932,1.84216626881969
3.87736699729486,2.87750327223947
1.73290203327172,1.26779362946203
3.43853038153556,3.10220891165564
2.83824745108845,3.10874009733329
11.053412462908,6.42489959877807
3.50783475783476,1.89670006025567
8.6024750980984,5.55349928156143
2.49213646261795,2.99620588973902
11.3709677419355,8.06014263269978
10.2429415627052,5.40783234391271
2.66963292547275,2.10023258712492
2.22929936305732,1.9843777176107
8.12897366030881,4.97090538622806
1.94233079695635,2.88172713789739
4.63762673676305,3.41142665682541
2.9643073200242,2.62891600352074
2.16526734423332,1.58630629252477
1.51001540832049,1.01687153708468
0.71719641401793,0.503970906808894
0.307219662058372,0.521744387564979
1.26522961574508,0.74335622282183
10.4289318755257,6.11057349066091
8.94557823129252,6.53521439527486
4.77887235380423,3.95325531329975
5.08474576271186,4.87796630360548
0.646800646800647,0.484466025038327
1.25842696629213,1.34765604971788
2.88082083662194,2.00254358613136
3.4435261707989,2.26751147813104
5.36663124335813,5.35949836694675
3.79511059371362,2.07368351823327
1.39429312581064,2.5275982209668
1.87265917602996,1.69625358107577
4.25190533493783,3.32796447614037
2.68285794973171,2.31009995949818
6.35789473684211,4.33264080546364
3.47064547518651,2.52309238327043
0.597193191997611,0.655953364150656
4.30441535389394,4.18571660275421
6.19280698020856,7.37070130554946
5.83248558833503,5.99227402675326
3.94257986251516,2.17439693461609
3.07552320291174,2.59305326876179
2.1585557299843,1.80522302751947
4.58653411658382,2.77878257940956
5.86257617146459,3.57526491816587
7.98845043310876,2.8798683106881
1.14396719188431,1.20597045544765
7.69953051643193,4.81746628954377
4.07447382622774,3.14357035113917
7.38255033557047,2.85973695002839
5.22899386945546,2.38244735937035
1.7910447761194,1.70871813571456
2.88666058948648,2.04803792280257
3.05343511450382,2.61978610007253
2.07581227436823,1.79768015557597
1.08843537414966,1.22246774818886
4.0771484375,2.79674366089037
2.41663544398651,2.09388037055464
1.91214470284238,1.70101855973677
2.77453951970156,2.53440338241013
3.40412242348532,2.29897272195497
3.65910143584993,2.81047905802662
0.0297619047619048,0.0892644462193329
5.90219224283305,5.55311841443774
2.99077314667515,1.9214943071877
5.27777777777778,3.89900841219444
0.995546240503013,1.07237690231511
5.9463986599665,3.38778786307086
2.84186401833461,2.48664419022857
0.838168923275306,1.19144125393004
10.6046365914787,4.60908292541284
24.8333333333333,12.0567994124058
13.4601316752012,4.34989658032341
21.4618973561431,8.31584755702439
20.7951870258959,5.44680890885368
36.0496014171833,8.01778791573214
34.0834083408341,14.348327046508
49.4525547445255,12.6473901647296
27.4629748873149,11.2768153296346
8.84549109707065,5.45809429511729
1.54195011337868,1.22022595690023
0.331736085514191,0.589161327949203
7.14704159343878,4.17581410187861
2.03376822716807,1.60912085408561
2.70618556701031,1.94914239513191
4.60852329038652,2.8317462499338
5.64930300807043,4.09711975628916
1.87725631768953,1.5463583261292
5.44348382965098,3.35890072191422
1.49725854070013,1.36582284443119
1.41828005402972,1.84255180423771
0.0488519785051295,0.0975975697253392
1.85348631950574,1.58339268655514
2.76947599123331,1.78752570520835
2.74673233566963,1.83122030614266
3.22195704057279,1.61140585925347
4.3343653250774,4.62042385988446
2.32636547538773,2.15295660084996
9.98580217699953,10.935133152805
8.47840103159252,5.85216288493532
6.24125384830675,3.84602605561028
3.19031903190319,2.52696342140069
3.26496442025952,2.08686102902368
3.80952380952381,2.3925013241763
11.6746829908177,5.74970713401958
8.12581913499345,6.2482041866632
2.61575466025256,2.034560569624
3.0987162461266,3.04778576209613
1.99034981905911,2.94569704343438
1.05932203389831,0.807997619654453
1.52916073968706,1.24256260212619
1.52881223049784,1.05377908772021
2.49320036264733,2.12778860899557
2.59291270527226,1.77765492468589
11.0209923664122,9.5019794203187
4.59429995327831,2.02721103218963
9.89037178265014,6.49871085552374
0.640797436810253,0.711001514045521
2.28852838933951,1.44268468012536
4.64530892448513,2.81974565601306
4.29900545396214,3.13629488717678
0.55156276115661,0.668160371037893
0.948453608247423,0.741356995345662
3.36027222458528,3.86744055177472
3.53763883175648,2.58701766309856
1.97007008903201,0.814510508105907
8.12025849957853,5.36632245055613
4.47590774149349,3.14547776493362
3.58172087278716,2.7753135318026
7.38595220854453,3.80543078889769
13.4506412168208,2.99883003140725
2.75161130391671,2.79552684021127
1.88036517236681,1.67435244919921
4.26116838487973,3.79189519149983
0.597808037196945,0.962257921256036
7.38947368421053,3.62259546401109
5.12866980790141,2.68839318315711
0.991669972233241,0.990360736673719
2.11658570437196,1.86958349097268
4.09530900967982,2.03104895209174
4.32534085566526,3.63644041416578
0.440026075619296,0.488539978517677
6.05344052967605,5.57146059556923
0.104493207941484,0.278574915884995
6.35665529010239,4.03404358873563
9.97040746642386,4.72443473761601
13.8329604772558,7.04364958452505
0.943066713237862,0.838211042474208
0.416418798334325,0.475902539952115
1.4012395580706,1.31984795451351
1.72413793103448,1.82305111191987
2.44,1.99505573457585
1.93898655635988,2.43018324828584
4.41374663072776,2.39197943421537
0.639561443581544,0.684316695895728
1.39009556907037,1.34588309424652
2.41465445462115,2.41293365990399
3.63128491620112,1.78756263789271
1.09243697478992,1.17642983587585
5.43967280163599,3.25141481065614
3.93909301555776,2.46130706639437
3.69603784742756,2.89472454935051
2.06325046507695,1.84093296041282
1.86074429771909,2.18694228702982
2.04187128456966,2.42650782623326
4.02414486921529,2.64744998910428
13.0890052356021,7.09246557196273
4.41813456540572,3.21684444624457
5.39587852494577,3.05544385255955
7.40740740740741,4.87059942260589
15.9273593331349,5.93354781463779
3.58294518093873,3.21420695844376
3.08870116156283,2.20279348198544
7.76315789473684,5.57405659353175
3.66501740883269,2.12558744346391
0.758459743290548,1.04876361682157
6.35730858468677,3.83756294081326
12.5884732052578,7.80952775652779
1.33580705009276,1.37120779944777
3.81182147165259,3.15297361628155
3.48943985307622,1.96536948703675
4.50102295976358,3.74211992981459
5.56577736890524,4.89373792582555
3.12611012433393,3.5315253754285
5.58325024925224,2.68622946085842
4.33086227077643,5.52570072694015
7.19546742209632,3.97591106582822
7.01425356339085,1.27127380342665
0.499687695190506,0.809970203115594
13.953488372093,6.2183039392316
9.83858570330515,5.22276470488981
8.819913952059,5.04703853885586
7.24181360201511,4.26684651642446
1.73718128327263,1.67077502613376
6.9328760411563,3.34314464746513
6.57711903659101,3.18032646416863
1.87758167480285,1.25653557815182
0.975975975975976,1.5361338145678
5.80778301886792,3.05763015424031
6.02836879432624,3.42583247304873
1.16913484021824,1.04760882592088
4.18480890179003,3.17475737391397
7.27841909606731,3.32032890794564
4.12573673870334,2.8481969999247
2.26117886178862,2.04745021368691
6.86889818688982,4.04438539485526
4.14173953060285,4.03481635557883
6.2415196743555,4.10133994867548
5.05669629175605,2.82624716935032
8.42038619816398,5.35567300230961
1.9127023050515,1.10395094803038
3.70531822144725,2.36134929970277
5.24036379385015,3.5083170219251
12.2708039492243,9.1533466248435
15.454032712916,8.74156500095235
7.1282575370465,4.38144110351207
23.5575772085229,9.57691140214801
9.22068804118886,6.12032882001714
34.7519202823334,13.3382349208737
12.3835337963747,9.80317912029848
20.6383489320854,11.8614063760352
7.85375761679079,7.53138925854806
3.4136546184739,2.47419064652473
7.57874015748032,5.67319331495044
6.99632908659037,9.1154451985993
2.34505862646566,2.04155208077372
2.65618647513213,1.47581173882867
2.81374900079936,2.20661932900983
9.15457728864432,5.68568197005614
4.15065334358186,3.01556941123304
2.53448829002246,1.93285225247695
1.56090939938921,1.68993565129208
5.22924411400248,2.93378534730107
7.95272435897436,6.21840996910656
18.0499219968799,8.7537641823246
17.9652082235108,8.39527779924971
3.94097870750841,3.04894689669346
6.69183253260124,6.25589698802116
4.9645390070922,4.78407305598207
5.80220453153705,4.79365745869132
2.22868217054264,1.90289280549316
2.62343164412579,2.41084207573737
1.145958986731,1.16918212178028
2.58387967605091,3.05349626871108
8.27861163227017,5.65912009387805
2.82455187398153,2.79274600357275
0.855716662705015,0.824718311919689
2.31591448931116,3.54768856371667
3.51658476658477,2.8805795341897
5.23210070810386,5.09052069092241
0.254957507082153,0.423819019449396
0.274941084053417,0.391162799570853
4.01301518438178,5.83183193339211
1.84304399524376,1.87169463066516
1.22578094108343,1.9683772501979
2.62737034498515,2.4462975725424
3.71075166508088,2.14415163520711
4.98129092609916,2.78239255548389
6.16700427638983,3.14300305537594
4.4227307791206,3.01123938383629
0.768245838668374,0.922991531369737
1.32799708932145,1.33468253224461
0.249493216903165,0.404178617403014
2.84882511956748,2.78418781694477
5.16843562528842,3.78042682862776
2.29023526962315,1.65162413623817
3.1962238705327,2.72980858130822
6.04895104895105,3.20916512797711
2.49888442659527,2.34059595199911
9.27494319355505,4.88577061236468
7.76255707762557,4.18707120760254
7.74647887323944,2.97900455779395
5.89820359281437,2.27195673907798
5.63745342621092,2.11857065340722
1.71858216970999,1.73764014755651
2.18609865470852,1.91574189433497
0.970167353868542,1.11038348269846
4.50244698205546,7.11344157073692
2.69079099976804,2.36058838004862
3.55812991311543,3.1136410638498
0.65166795965865,0.756766249685577
2.0173535791757,1.59398335622437
8.42433697347894,11.7496578697151
2.72606382978723,3.10304745935488
6.79939894815928,9.98615149699263
1.99605717102021,1.92139155711145
3.24239713774597,2.5086802666491
2.14240705734089,2.35831562216156
1.04333868378812,1.73126720067132
1.01404056162246,0.82360609930838
4.2708734128511,2.54308628573285
1.95630081300813,1.60717234318651
1.39474537787869,1.25179460132638
2.15465163109142,2.27537216776182
1.82850810361546,1.4940349253246
2.9374737725556,2.71540170445765
3.10689836756187,1.9455500705687
4.43989071038251,3.71740286792195
0.0844238075137189,0.18971331512211
5.54602630074328,4.24472458927238
5.38697579270372,4.24701635892811
2.85992850178746,2.47869470411703
4.19906687402799,3.4149276894461
2.6378896882494,2.06463344663315
4.10325563475246,2.09705147558059
2.16374269005848,2.03748655822709
9.90206746463547,5.97070140270505
7.33457347860749,5.69776861336753
2.70734851740438,2.35308865727599
14.6805455850682,5.50734761793637
14.2290399365247,7.94489237331806
1.39664804469274,0.930458358520521
2.04526861194437,1.62116297446582
1.8522372528616,1.32065289042934
7.22379603399433,5.83786617144473
5.40540540540541,4.22009674424141
4.04339250493097,3.31892949218796
9.32270916334661,6.19740932399625
10.5276574050472,3.58484410447355
5.03218256290228,3.29194875008825
38.1822999470058,10.9983376439809
27.0011273957159,4.32130424998614
5.78472052721504,3.58627759317284
4.64092140921409,3.45159427376126
1.09670987038883,1.1655286703964
6.4068497195158,7.48290752673906
7.42339231765214,8.86127114567067
4.56230396350157,5.47749752079264
5.87623504940198,5.26733005085097
2.79823269513991,2.06127597715144
67.3828125,11.1550885138065
41.4434523809524,6.98432221603527
3.07294193757076,2.00971005785807
7.61791400089272,3.81891370423276
25.8718980549966,8.9411812938078
72.3473986071282,3.42871730044362
78.0592991913747,6.30089485868619
57.1922544951591,7.87079500820533
32.3409006326758,16.7043707346064
12.7842655193608,7.79790420143956
1.04493207941484,1.20564712820477
2.21745350500715,1.98029855564057
0.166435506241331,0.248306117809936
0.116618075801749,0.232549511960754
3.67431430050026,3.62347477674236
4.23892100192678,2.65031603503302
2.95221416062047,3.53797168056914
0.782717595491547,1.12199087235492
5.0819124038783,7.72402055051572
3.72075182201764,2.70541678122057
15.4718693284936,9.24398504857495
69.8686131386861,8.90735839985284
88.5125698324022,7.56129970676519
83.7825169908601,4.94180519500592
64.506480558325,9.40422826665597
70.9612203639037,3.90924988561661
44.6176092544987,6.59846886710418
38.5692709048469,9.37518961420096
6.79939894815928,4.36284786179694
6.23693379790941,5.83633182151032
0.924075924075924,0.971291896899075
4.14954806902219,3.92158164252077
49.8908535254311,8.38979380332487
66.3600525624179,7.5680894951458
56.8815626058485,6.19824698322533
68.2337287947666,7.85106681874038
86.9731800766284,5.48032662783461
77.199232666484,6.23249232125032
57.4601782843782,7.00275916627914
66.2410329985653,7.4530658624396
61.078431372549,10.3718986738696
5.95327807083647,4.87288654724501
3.03105590062112,2.52816358305475
4.08692831657477,3.18484709870153
3.80908673703534,5.12090920839923
6.67584308327598,6.68184675582081
5.01710376282782,4.62216382483934
1.30482058716926,1.62326647569034
5.22836538461538,3.21364127620324
5.95594713656388,3.40209387989543
3.55191256830601,2.23395870005753
6.24147339699864,5.79252802282345
1.8436873747495,1.65232175365277
6.93108974358974,4.36755484015184
3.9344262295082,2.8911834745833
5.89931830099633,3.29968819684747
6.68156424581006,5.49335027526586
2.38033635187581,1.53665638601232
3.40386384544618,1.79915993025665
0.64957264957265,0.766916256809247
6.58558972005507,5.45158635197688
3.05039787798408,3.24340726894446
8.40857787810384,7.05561877170136
4.65793304221252,3.76779381414517
0.775510204081633,0.854125849779463
3.94339622641509,3.15695812858107
3.34697808812906,2.91129864027271
7.10862619808307,4.89412655839506
3.79523389232127,3.42768916166491
1.91780821917808,1.66543001746107
3.81679389312977,4.2749752726209
0.854961832061069,1.33738295135007
7.35977134690961,10.123850266952
2.35131396957123,2.44661526318582
0.754039497307002,0.746023856707493
2.01216658867571,1.37049719537997
0.816326530612245,0.947690431446935
2.36518448438978,3.1534122683046
2.1314146076568,1.85652137945171
2.15311004784689,1.99332826436738
1.51333173192409,1.55455444333464
8.60254083484573,4.992223863429
1.48550724637681,1.51682649564993
12.6525198938992,9.22940669559203
0.349243306169965,0.46443340581776
0.947672023073754,1.12651780767329
4.56186412865113,3.41661623085669
0.891861761426979,1.38946709393272
1.09200743494424,1.25057654077477
0.73671285739344,0.835933483422502
3.35904027420737,3.19318768624735
1.89972581276929,2.14024498334698
1.92988099067224,2.01411862394035
0.162680982593135,0.292378959843633
3.16205533596838,2.25986631278668
9.62230215827338,4.86655608495203
0.369747899159664,0.637431377398641
10.9787508048938,6.78628884508053
4.47613388789859,3.30728350282114
11.9002201027146,5.55954493214927
11.3547611895464,6.6986477649095
26.8056898218478,10.1344830572317
13.3923526087775,6.47682323292495
0.334354973530231,0.472142034794804
0.859710824540836,0.869858169193451
6.56756157088973,4.93102142987451
3.74214695438405,5.90553179978666
4.73977695167286,2.79473857983065
2.78474661314601,3.85048079422148
4.51482479784367,6.60007835609021
7.90235081374322,6.03182623106354
4.5123062898815,3.79525263184709
18.7950784896054,9.27005196851507
39.4317394317394,8.67672947903875
29.8166356630348,7.29360342918342
69.5241840346048,6.30064599676156
55.0287686996548,7.86404217875167
64.9300857013983,7.29751830790904
69.1878753217043,8.99587221965892
40.8963191907839,11.4543275502537
27.739796975347,7.43271494554785
38.7305699481865,7.80662314779994
44.0655737704918,15.0878593080826
40.3326403326403,14.4974692143515
30.3234501347709,7.68805953362039
28.1212412797691,6.75017391094067
24.6056357017662,8.02911852706502
16.920918814659,4.05934986753981
33.6884500454723,9.41606424610201
23.2867486108773,6.00496055563664
29.0548598688134,6.49781809184196
25.2152214597629,5.88490358676869
9.05824993584809,5.94291761523719
23.8928939237899,7.63484104769842
27.2193358933815,9.1727789290619
20.1248439450687,6.08065900865154
30.4758445332365,6.87785764602119
25.6416131989001,7.46997637029587
24.8231019315357,3.75990133773017
31.7080557238038,9.86808203618001
26.4654359250775,6.9233707552572
22.8859301907161,6.3381918112282
11.7498818711608,4.6020337343598
5.29595015576324,2.23063338701659
15.7155797101449,5.77675257294609
24.5751189666893,5.94694651521324
30.9183673469388,6.95336917432941
32.7663021466181,7.2912616202695
21.5327881994549,7.18636126962075
30.10550996483,14.8775428008198
14.1834743005856,5.28211569634811
11.481608800275,5.36370530373358
24.3263931414574,8.79619287504377
9.28481806775408,5.68582655126047
12.6123634352095,4.48655145265268
5.7256711409396,2.47690246208442
6.25689084895259,3.91319838214038
9.43887030843553,6.15945039880288
12.2579121398205,7.65352870552567
11.3027852650494,6.75595188000455
22.1271393643032,5.23682986219981
12.1321081369024,6.24927728122115
7.22262247838617,7.05261741782094
4.26386233269598,4.01865508207473
11.3962384443736,3.11560686626585
9.14151772634046,7.38379242924312
8.69124112275955,4.48938760831685
5.48294007808521,2.81249646195667
3.17643661565117,2.29721497990751
5.47257436927325,1.32486544342071
9.07524411257898,5.59892429988136
15.5742633794348,6.23770300455535
14.7897897897898,8.31682356186969
7.28611720463804,3.60855751830546
2.49810749432248,1.85955721150781
4.70324748040314,2.64522358173334
8.84747602677764,4.96755658141091
11.5303491914694,7.65244283938761
15.46808901968,11.7964151830869
1.30489335006274,1.34962496920099
3.36176618163573,2.14315799834182
9.12174896343762,4.85696042202372
4.14012738853503,2.30075890320147
5.51248923341947,2.78681942501042
5.49078600977811,3.98919511368912
5.07955936352509,3.55323809087907
2.63042525208242,2.3370115928743
5.73248407643312,4.11863463424465
4.13394576974367,3.61924075214362
1.4792899408284,1.63509901373191
3.29283887468031,2.33636147238425
5.99041533546326,5.46834541311201
4.18585182084554,2.61610058523095
7.14046262152196,5.22122422305939
6.0672514619883,3.43915416898583
2.77938621887666,2.24868793540479
11.0144927536232,2.10648418095368
0.693183693678825,0.890257372437779
8.46625766871166,5.76185776311987
1.57679579521121,1.99694928621301
5.34591194968553,6.52300503592339
4.78149100257069,4.00336718256258
9.12420912420912,3.17304223950425
3.79084967320261,1.51389705554108
3.49392361111111,3.09072892664252
5.38131962296487,2.68087535065527
8.13786500718047,4.74772643909255
12.3937213865271,9.71929497074748
11.3221329437546,5.32533420828268
7.88871951219512,4.20676950564701
2.79565937097664,2.57983928575788
28.553871364195,8.09915460773694
16.5829145728643,14.5784862098072
27.7131782945736,7.43572515360509
68.1891025641026,5.83537329735347
2.61331155573704,1.90951454876157
3.32261521972133,2.23594652346888
4.46808510638298,3.60721348181475
4.04354587869362,2.44138945475908
2.798459563543,1.96487031570921
1.72901603269412,2.47568887493072
25.2773290253096,4.89818294323619
12.0857699805068,6.12162403562665
3.91608391608392,4.50401640846891
17.7033492822967,3.64518092530774
6.1571894241217,4.83536457763447
7.12349980642664,6.28892858277755
12.3785166240409,7.71662801530506
6.10380116959064,3.50832863681102
5.6562328390994,3.36939271608445
8.91643342662935,3.69171205086204
7.0294345468629,3.4913876426804
6.47773279352227,3.53857468026136
1.63398692810458,1.92338655950767
6.0093896713615,3.69102020040699
5.89512876202296,3.5783793833509
7.87262273330385,4.72911778985049
8.73430962343096,7.7454198533064
18.6174242424242,6.189761642327
12.448347107438,5.44309484917088
2.367909524651,1.77992492151431
0.526315789473684,0.567950357601388
1.30754562789431,1.57854638331074
1.14208935169634,1.13924428612074
1.25361620057859,1.0104555705352
9.96309963099631,6.53608960378876
0.497189796800692,0.49650901314512
6.46203554119548,5.6564609726322
14.3317807237549,9.5543031118913
13.1193959414818,8.01323170114514
4.69754043873255,3.43436097136738
7.48620961386919,4.45207452916326
12.3496391339214,3.77384597528748
13.5950090979984,5.46178475315945
8.47674844379348,2.01612730454525
7.73130544993663,1.4906554852517
11.9215513442045,7.58992682555024
7.45116572148708,2.97522421814919
4.77356181150551,3.19671624487898
7.39549839228296,5.24828985141963
13.1558028616852,7.72923370663301
13.5,8.30397375750244
3.04626660558864,1.91701787153276
5.32627865961199,7.26077384099472
7.30182085709031,3.62847619643067
4.72368014819389,1.64756695139349
0.991969768540387,0.989272857066174
8.42846733058052,5.53052738713403
6.91791430046464,3.63901631634397
16.0913952357803,3.28984803077514
12.7261940077128,3.33350985078615
20.8297320656871,7.55691901288761
9.88428158148505,5.46048894797723
16.7148826743812,5.83056998183481
11.304347826087,1.54602682972125
10.1588252921786,3.55776535396856
12.9357597018198,3.01112814184531
25.2150893448048,9.23171881774765
9.93160868272376,5.17329101830052
5.45062955599735,3.44580140835336
8.64491545606097,2.91352240737271
13.4459955914769,4.76671447186968
12.5014271035506,3.50485007824709
8.17700817700818,4.94386901812595
6.62615740740741,2.99573407957302
7.07018001565353,2.75785174903994
14.2312094620374,9.94061098164264
10.6585365853659,2.81737807115413
16.1262553802009,4.76472861614245
9.84777881329605,5.12176828468503
12.6092384519351,7.94765841386762
14.2549757934373,6.98639033325906
9.02127659574468,6.00168740866889
9.296585767174,4.36442344442409
5.23409363745498,3.32004165417893
5.19790176442537,3.98628687911611
6.87022900763359,6.24330970655543
1.83823529411765,1.5635827040156
5.29383195726081,4.26049155122337
3.06197286395306,2.67082335807144
2.40415854450942,1.80851386973411
6.14074406095921,3.20915384499552
4.46627958910228,2.46334083178397
3.13005936319482,1.98856495143961
11.0787172011662,6.30743698292311
3.57084357084357,2.78454375021597
2.95836376917458,2.65977008599307
7.08172871202396,3.05215281670525
4.54636091724826,2.90352722773805
3.09168443496802,3.43474848814424
3.12046444121916,1.91473799560227
2.63845350052247,3.00141353627021
5.91792656587473,4.11802788476501
4.39272503082614,3.68369635870299
3.69142033165105,2.1719954315037
3.84050880626223,2.04437361677474
3.96141215106732,2.02369372916456
4.78436657681941,4.51180626904871
1.9603038470963,1.32303629016368
8.17576564580559,7.42863185052466
3.36328626444159,2.33115285428665
1.47377546597313,1.08098865822881
6.28830269118039,3.86990049165576
0.951315053161724,1.04367611669567
3.4742570113018,2.4827163593501
3.26649417852523,2.93892284108572
9.5903165735568,4.77859411613392
9.25890645837302,4.70741019316189
2.61910700922923,1.9658978666179
6.10037671649046,3.4929319142805
8.91304347826087,4.79793752338744
13.6931416450625,5.47431498363384
13.1023496614894,4.6961444556536
7.073695535234,2.52218254632594
16.7539267015707,4.56629832143875
23.8779803646564,3.35720545880867
17.4283973187081,7.2326775387785
14.8953974895397,7.3955168213453
35.4550530429927,11.280777421806
32.4816240812041,14.3143344188471
70.9768095572734,12.3764354695837
71.6160626836435,9.53386747702875
67.4089538390165,6.69227107907357
80.38917604135,5.76267060695027
72.8413962033068,10.9557231778373
56.3815342837746,9.27477927572482
63.1633895945711,10.5930009417992
52.1658986175115,7.58719553306228
18.069361608129,7.11373773513715
33.1267217630854,9.34891980110468
20.024077046549,7.09626859404913
30.8233853688399,6.39411214127237
38.1635581061693,16.1762994707216
36.5725541694025,10.9594159270957
33.444158984434,6.29229208253776
29.6265900697579,13.5529108781814
24.5054945054945,3.9817086479358
32.8525063108547,9.00309814127742
22.4418365246037,6.04452174256888
25.196355639334,7.67299379296824
13.9230769230769,4.70406278387129
44.5452533746404,8.29352238476828
21.8774860779634,4.66575450695979
11.0244487775611,1.94504463776114
10.5738993710692,3.61578919286891
11.1347409995443,5.94581309535547
8.27338129496403,6.18753247800051
15.3919694072658,6.11269300759136
2.36535080709605,2.25109429981591
0.425818018825639,0.64968244430164
6.89138576779026,4.06424248924798
3.33429979704262,2.11158208993002
5.03701319600901,3.20297570781336
4.70690153046491,3.12223438415101
5.42086624897848,3.7693930546275
9.17431192660551,7.0365157803922
2.57304840819887,2.30854681711363
6.50844139955958,4.89554423871819
2.33741753063148,1.82284780978347
2.84816342565311,1.93725457723999
3.6420395421436,2.54583164767094
49.8815566835871,5.66698090980999
10.84229390681,5.83630602713408
4.28798305982001,3.31743719431198
8.21643286573146,5.3708740344992
4.23517688091679,2.67782897473621
1.50526843953838,1.04944986214981
1.74232003668042,1.50575376948192
6.48315827598696,7.75160118808763
7.06243602865916,3.60537505272136
2.94585987261147,3.09883897212414
4.22535211267606,3.68810865570104
0.565131393048884,0.649272209076168
2.70078180525942,2.9113700230406
3.76865671641791,3.65344329679291
3.57852882703777,2.62418375734939
4.32980193459235,2.79400681653542
2.67352185089974,3.13355563588218
2.86815068493151,2.47439568602395
4.67931937172775,3.82018881431236
6.84228532329798,4.54994572043715
2.17391304347826,2.3063475717891
4.73334761190833,2.67167989258078
4.63931348887101,2.90887329769749
10.4755643217182,4.51731455805921
8.14297231926901,4.86586642396413
13.1821099935801,5.82746418765006
9.30340199028003,2.56677008436194
8.71592539454806,4.99397931594795
8.003108003108,4.55444856607145
4.31108811864115,4.21464886505745
1.27099409895597,0.905931134263497
6.32768361581921,3.65803681062936
2.83588093322607,2.00352615592381
3.90676296782666,2.99491445536789
3.26309901174716,1.90562296250648
2.59619842373667,1.98994510759514
35.797736400146,14.1609343480702
19.2287649817613,6.27000620714201
25.5375895982664,13.8773722645683
10.7983387171204,5.47307579686119
3.69230769230769,1.98310547933787
6.25363583478767,4.11277531622284
8.27087102610494,6.18346642131516
2.25439012814428,2.77380232442878
6.08407079646018,3.51509883684163
6.06156775626785,4.72871701518341
10.9433027977222,7.16996746596699
8.34895212131539,2.29177524367022
6.66666666666667,5.54354522461442
9.55414012738854,6.70990117417374
10.8413998510797,7.99052826068541
4.10923276983095,2.8753534686459
1.01167315175097,0.879429006753584
9.0857061096008,2.76173600015797
0.424304141208418,0.694945154857177
7.14771953710007,5.00707677910373
20.4366282595512,9.67630196801275
13.3225020308692,5.09649862792309
5.97112860892388,3.51687564480074
6.431343559416,3.88090291861379
8.98732145722998,6.08743848573131
0.471105527638191,0.595770945716444
3.21592649310873,3.0492066697153
18.6699206833435,9.01788702894105
5.23926612445621,2.09853615352626
10.8342602892102,4.50460546749088
11.2384398874146,6.92375772065741
10.2981602875872,5.21857140810507
15.6200941915228,6.43455381017999
15.1225527979035,1.8193072210326
14.1181988742964,6.69626563535486
39.3569844789357,7.19743716093365
39.2980995977251,11.8169802869297
16.3516844700082,6.25261831493169
31.5036593479707,6.74315652739774
0.535395597858418,0.653708863802689
18.0358534684334,10.5822330221013
13.5160386172532,7.94026008998938
4.13130861991961,2.44835736736379
3.26662065792501,2.51532483840089
4.43396226415094,3.41275290657311
10.0939926440539,5.7071807328148
9.58083832335329,6.71841803905479
1.74927113702624,1.94005756430181
6.35483108906213,4.08683643955245
7.75257731958763,5.95663127243305
3.31541218637993,2.07429554884756
1.23056994818653,0.947699287773095
7.79866397390089,3.75156863404402
0.860832137733142,0.974176671318019
1.66002656042497,0.962758458530615
10.9335996005991,3.74408455946101
0.862422997946612,0.800816949679316
3.10183378852907,1.15095671165936
4.48974325893433,2.5734356600485
2.6231713468976,2.88820833065639
3.20819112627986,2.44104598072784
0.878409616273694,0.738727688166325
3.600925008259,2.08111864899914
12.9326047358834,6.09858549712376
18.9123573682933,6.41003442457765
4.31383122135346,2.42650777220363
14.3711197976546,4.37873585358403
6.16325921504253,2.96321774818129
6.90205465788949,6.54983852292119
4.92845786963434,4.30953850664784
3.90291898983273,2.2992649390384
5.26584867075665,5.32536008406021
4.97624971725854,3.10865380739469
2.38286910320399,1.41222081801525
1.41600514910963,1.52204163219543
0.126502213788741,0.22124833472942
2.03870967741935,1.59684126627666
4.30823117338004,2.44611068907694
7.99118214384128,3.9201857654741
2.02369200394867,2.34097771520193
8.08477237048666,4.52617655984182
1.4207650273224,1.58188947371212
7.46666666666667,3.95231181455944
5.3311120366514,3.78155110994003
1.8962632459565,1.6434248225231
2.17313858211614,1.84737893409224
0.753071739992073,1.14769858017115
12.8099173553719,6.54755765150155
6.21002132196162,3.01261965157351
7.55569906360995,2.52860551014157
5.65335978180015,3.9981855399668
18.5177664974619,6.59201070931916
4.06630097782018,2.11063116031367
4.76041340432195,4.33121256559166
3.73895309313392,1.27326792783031
5.22088353413655,3.81251348561739
6.31238577252917,3.70372319433044
10.0265856437524,4.35137010051626
5.88235294117647,3.60432189890825
1.99014404852161,1.30512522785293
6.42092746730083,4.5053494663317
9.16764361078546,6.53741799806195
11.5409836065574,5.88093045295339
5.87529976019185,3.10024760214306
1.79003386550556,1.3303753318026
4.98565279770445,3.74236252943525
3.3480907581627,2.79270853377127
5.33874492663128,3.90238629163955
3.93740535083291,1.67416620536882
16.2701458173446,7.51961238883126
6.18849040867389,4.18674281652103
56.4961240310078,9.12685345689619
55.0579557428873,8.79432794015518
43.669015685383,9.36051384290563
70.2000412456177,6.66658627383379
67.1638312747611,9.64933318698198
56.2525794469666,12.1824746289396
69.0018148820327,12.297830962074
78.9897183728207,6.12294080796878
44.3171540548689,10.2603634910316
31.1722578213343,12.4397097599026
10.9409190371991,4.22483214993145
3.86937431394072,2.21004152315105
7.28869895536562,4.05234910444702
7.06806282722513,1.70324901435926
2.56283883686545,1.87956139328493
10.6522759267949,7.34738731851528
15.2773165061441,11.7402825172448
25.9535655058043,11.1048068771662
13.9153439153439,5.89187320531902
28.1930184804928,9.59146985957533
54.6177370030581,17.9784165334443
21.6287215411559,13.6355398167485
35.9471894378876,8.94177383815874
35.6417359187442,10.5330293755929
24.1181296144381,6.00383946982821
27.8331970564186,3.87748771712243
38.4456671251719,9.10945747087824
18.2532555006736,4.93588982734693
25.9737212576255,5.93397103792719
17.0731707317073,10.4424143520787
27.1160096085912,5.53747378017826
16.1713465874155,3.88151259757355
12.9233804669517,7.51160271428401
2.96450151057402,2.46941064504575
3.23337242419166,2.32174338435408
9.70732594073805,3.42377961713387
2.21146085552865,2.28730913583484
14.0357623533936,8.83071881686495
3.75063355296503,2.76234944194755
3.43178621659634,2.89157743508394
8.31187936741449,2.58285885746779
6.42290578448443,3.87928157450966
20.48326313456,7.14148085696805
7.49535685858318,3.25832551109847
6.50606646738175,5.72777961714988
2.51270081010573,1.3782665033222
6.59434422233057,1.74509298117155
14.4606874753062,4.34241582418333
8.30101967542726,1.68225573048791
13.8530418751646,8.26989736001696
6.08567208271787,4.16861820054557
7.74608501118568,1.76341290959333
2.47098464994384,2.08538725734848
6.52312599681021,3.78767641119588
3.87023335230507,3.28976173413348
2.7659005879209,1.31561964509508
1.6281512605042,1.20464167061878
4.67471756914686,3.07666019848988
6.97519560512735,3.48286078169207
3.31380076783188,1.72843429525418
15.5368814192344,8.61898705171045
8.46279640228945,3.6584629793123
3.79227053140097,3.27463437275671
6.95871642329187,4.2298400641602
4.50283597638616,3.2674718266345
2.84857571214393,2.08258471597354
3.25027085590466,1.81726910656892
4.42569312898226,3.67457768765466
4.28571428571429,3.81344055440595
4.85101934134867,1.19339473182255
41.6847433116414,11.3511326719875
17.074210975263,7.99816787645384
16.8393458993883,4.77402429542582
34.1062227506936,9.83144225270635
19.2785733585517,8.25614616533734
6.77630577128065,1.22449215284868
7.53480753480753,4.71540868535286
